frame_id,person_name
0,Ivy_I
1,Danielle_D
2,Danielle_D
3,Ivy_I
4,Ivy_I
5,Danielle_D
6,Danielle_D
7,Danielle_D
8,Ann_A
9,Ivy_I
10,Danielle_D
11,Danielle_D
12,Danielle_D
13,Ann_A
14,Danielle_D
15,Danielle_D
16,Danielle_D
17,Charles_C
18,Charles_C
19,Charles_C
20,Charles_C
21,Charles_C
22,Charles_C
23,Charles_C
24,Charles_C
25,Charles_C
26,Charles_C
27,Charles_C
28,Danielle_D
29,Brunna_B
30,Charles_C
31,Charles_C
32,Charles_C
33,Charles_C
34,Charles_C
35,Charles_C
36,Danielle_D
37,Danielle_D
38,Charles_C
39,Charles_C
40,Charles_C
41,Charles_C
42,Charles_C
43,Charles_C
44,Danielle_D
45,Charles_C
46,Charles_C
47,Ann_A
48,Charles_C
49,Charles_C
50,Ann_A
51,Ann_A
52,Ann_A
53,Charles_C
54,Danielle_D
55,Danielle_D
56,Ann_A
57,Charles_C
58,Danielle_D
59,Charles_C
60,Danielle_D
61,Danielle_D
62,Danielle_D
63,Danielle_D
64,Danielle_D
65,Danielle_D
66,Danielle_D
67,Danielle_D
68,Charles_C
69,Charles_C
70,Charles_C
71,Brunna_B
72,Danielle_D
73,Danielle_D
74,Brunna_B
75,Charles_C
76,Brunna_B
77,Brunna_B
78,Brunna_B
79,Brunna_B
80,Charles_C
81,Charles_C
82,Charles_C
83,Charles_C
84,Charles_C
85,Charles_C
86,Charles_C
87,Charles_C
88,Charles_C
89,Charles_C
90,Charles_C
91,Charles_C
92,Charles_C
93,Charles_C
94,Charles_C
95,Charles_C
96,Charles_C
97,Charles_C
98,Charles_C
99,Charles_C
100,Charles_C
101,Charles_C
102,Charles_C
103,Charles_C
104,Brunna_B
105,Charles_C
106,Brunna_B
107,Charles_C
108,Charles_C
109,Charles_C
110,Charles_C
111,Charles_C
112,Ivy_I
113,Charles_C
114,Charles_C
115,Charles_C
116,Charles_C
117,Charles_C
118,Charles_C
119,Charles_C
120,Charles_C
121,Charles_C
122,Charles_C
123,Charles_C
124,Charles_C
125,Charles_C
126,Charles_C
127,Charles_C
128,Charles_C
129,Danielle_D
130,Danielle_D
131,Ivy_I
132,Ivy_I
133,Ivy_I
134,Danielle_D
135,Danielle_D
136,Danielle_D
137,Danielle_D
138,Danielle_D
139,Danielle_D
140,Danielle_D
141,Danielle_D
142,Danielle_D
143,Danielle_D
144,Danielle_D
145,Danielle_D
146,Ivy_I
147,Ivy_I
148,Danielle_D
149,Danielle_D
150,Danielle_D
151,Danielle_D
152,Danielle_D
153,Danielle_D
154,Danielle_D
155,Danielle_D
156,Danielle_D
157,Danielle_D
158,Danielle_D
159,Danielle_D
160,Danielle_D
161,Danielle_D
162,Danielle_D
163,Danielle_D
164,Danielle_D
165,Danielle_D
166,Danielle_D
167,Danielle_D
168,Danielle_D
169,Danielle_D
170,Danielle_D
171,Danielle_D
172,Danielle_D
173,Danielle_D
174,Danielle_D
175,Danielle_D
176,Danielle_D
177,Danielle_D
178,Danielle_D
179,Danielle_D
180,Ed_E
181,Ed_E
182,Ed_E
183,Ed_E
184,Ed_E
185,Ed_E
186,Ed_E
187,Ed_E
188,Ed_E
189,Ed_E
190,Ed_E
191,Ed_E
192,Ed_E
193,Ed_E
194,Ed_E
195,Ed_E
196,Ed_E
197,Ed_E
198,Ed_E
199,Ed_E
200,Ed_E
201,Ed_E
202,Ed_E
203,Ed_E
204,Ed_E
205,Ed_E
206,Ed_E
207,Ed_E
208,Ed_E
209,Ed_E
210,Ed_E
211,Ed_E
212,Ed_E
213,Ed_E
214,Ed_E
215,Ed_E
216,Ed_E
217,Ed_E
218,Ed_E
219,Ed_E
220,Ed_E
221,Ed_E
222,Ed_E
223,Ed_E
224,Ed_E
225,Ed_E
226,Ed_E
227,Ed_E
228,Ed_E
229,Ed_E
230,Ed_E
231,Ed_E
232,Ed_E
233,Ed_E
234,Ed_E
235,Ed_E
236,Ed_E
237,Ed_E
238,Ed_E
239,Ed_E
240,Ed_E
241,Ed_E
242,Ed_E
243,Ed_E
244,Ed_E
245,Ed_E
246,Ed_E
247,Ed_E
248,Ed_E
249,Ed_E
250,Ed_E
251,Ed_E
252,Ed_E
253,Ed_E
254,Ed_E
255,Ed_E
256,Ed_E
257,Ed_E
258,Ed_E
259,Ed_E
260,Ed_E
261,Ed_E
262,Ed_E
263,Ed_E
264,Ed_E
265,Ed_E
266,Ed_E
267,Ed_E
268,Ed_E
269,Ed_E
270,Ed_E
271,Ed_E
272,Ed_E
273,Ed_E
274,Ed_E
275,Ed_E
276,Ed_E
277,Ed_E
278,Ed_E
279,Ed_E
280,Ed_E
281,Ed_E
282,Ed_E
283,Ed_E
284,Ed_E
285,Ed_E
286,Ed_E
287,Ed_E
288,Ed_E
289,Ed_E
290,Ed_E
291,Ed_E
292,Ed_E
293,Ed_E
294,Ed_E
295,Ed_E
296,Ed_E
297,Ed_E
298,Ed_E
299,Ed_E
300,Ed_E
301,Ed_E
302,Ed_E
303,Ed_E
304,Ed_E
305,Ed_E
306,Ed_E
307,Ed_E
308,Ed_E
309,Ed_E
310,Ed_E
311,Ed_E
312,Ed_E
313,Ed_E
314,Ed_E
315,Ed_E
316,Ed_E
317,Ed_E
318,Ed_E
319,Ed_E
320,Ed_E
321,Ed_E
322,Ed_E
323,Ed_E
324,Ed_E
325,Ed_E
326,Ed_E
327,Ed_E
328,Ed_E
329,Ed_E
330,Ed_E
331,Ed_E
332,Ed_E
333,Ed_E
334,Ed_E
335,Ed_E
336,Ed_E
337,Ed_E
338,Ed_E
339,Ed_E
340,Ed_E
341,Ed_E
342,Ed_E
343,Ed_E
344,Ed_E
345,Ed_E
346,Ed_E
347,Ed_E
348,Ed_E
349,Ed_E
350,Ed_E
351,Ed_E
352,Ed_E
353,Ed_E
354,Ed_E
355,Ed_E
356,Ed_E
357,Ed_E
358,Ed_E
359,Ed_E
360, 
361, 
362, 
363, 
364, 
365, 
366, 
367, 
368, 
369, 
370, 
371, 
372, 
373, 
374, 
375, 
376, 
377, 
378, 
379, 
380, 
381, 
382, 
383, 
384, 
385, 
386, 
387, 
388, 
389, 
390, 
391, 
392, 
393, 
394, 
395, 
396, 
397, 
398, 
399, 
400, 
401, 
402, 
403, 
404, 
405, 
406, 
407, 
408, 
409, 
410, 
411, 
412, 
413, 
414, 
415, 
416, 
417, 
418, 
419, 
420, 
421, 
422, 
423, 
424, 
425, 
426, 
427, 
428, 
429, 
430, 
431, 
432, 
433, 
434, 
435, 
436, 
437, 
438, 
439, 
440, 
441, 
442, 
443, 
444, 
445, 
446, 
447, 
448, 
449, 
450, 
451, 
452, 
453, 
454, 
455, 
456, 
457, 
458, 
459, 
460, 
461, 
462, 
463, 
464, 
465, 
466, 
467, 
468, 
469, 
470, 
471, 
472, 
473, 
474, 
475, 
476, 
477, 
478, 
479, 
480, 
481, 
482, 
483, 
484, 
485, 
486, 
487, 
488, 
489, 
490, 
491, 
492, 
493, 
494, 
495, 
496, 
497, 
498, 
499, 
500, 
501, 
502, 
503, 
504, 
505, 
506, 
507, 
508, 
509, 
510, 
511, 
512, 
513, 
514, 
515, 
516, 
517, 
518, 
519, 
520, 
521, 
522, 
523, 
524, 
525, 
526, 
527, 
528, 
529, 
530, 
531, 
532, 
533, 
534, 
535, 
536, 
537, 
538, 
539, 
540, 
541, 
542, 
543, 
544, 
545, 
546, 
547, 
548, 
549, 
550, 
551, 
552, 
553, 
554, 
555,Faith_F
556,Faith_F
557,Faith_F
558,Faith_F
559,Faith_F
560,Faith_F
561,Faith_F
562,Faith_F
563,Faith_F
564,Faith_F
565,Faith_F
566,Faith_F
567,Faith_F
568,Faith_F
569,Faith_F
570,Ivy_I
571,Faith_F
572,Ann_A
573,Brunna_B
574,Ivy_I
575,Danielle_D
576,Danielle_D
577,Ivy_I
578,Ivy_I
579,Brunna_B
580,Ann_A
581,Danielle_D
582,Ivy_I
583,Ivy_I
584,Danielle_D
585,Danielle_D
586,Ivy_I
587,Ivy_I
588,Ivy_I
589, 
590, 
591, 
592, 
593, 
594, 
595, 
596, 
597, 
598, 
599, 
600, 
601, 
602, 
603, 
604, 
605, 
606, 
607, 
608,Ann_A
609,Ivy_I
610,Ivy_I
611,Ivy_I
612,Danielle_D
613,Ivy_I
614,Ann_A
615,Ann_A
616,Danielle_D
617,Ann_A
618,Danielle_D
619,Danielle_D
620,Ivy_I
621,Danielle_D
622,Ann_A
623,Ann_A
624,Ann_A
625,Ann_A
626,Ivy_I
627,Danielle_D
628,Danielle_D
629,Faith_F
630,Faith_F
631,Ann_A
632,Danielle_D
633,Faith_F
634,Danielle_D
635,Faith_F
636,Danielle_D
637,Danielle_D
638,Ann_A
639,Danielle_D
640,Ann_A
641,Ann_A
642,Brunna_B
643,Brunna_B
644,Ann_A
645,Ann_A
646,Danielle_D
647,Danielle_D
648, 
649, 
650, 
651, 
652, 
653, 
654,Ivy_I
655,Ivy_I
656,Ivy_I
657,Danielle_D
658,Ann_A
659,Brunna_B
660,Brunna_B
661,Faith_F
662,Faith_F
663,Faith_F
664,Faith_F
665,Faith_F
666,Faith_F
667,Faith_F
668,Faith_F
669,Faith_F
670,Faith_F
671,Faith_F
672,Faith_F
673,Faith_F
674,Faith_F
675,Faith_F
676,Faith_F
677, 
678,Faith_F
679, 
680, 
681,Danielle_D
682, 
683, 
684, 
685, 
686, 
687, 
688, 
689, 
690, 
691, 
692, 
693, 
694, 
695, 
696, 
697, 
698, 
699, 
700, 
701, 
702, 
703, 
704, 
705, 
706,Ann_A
707,Ann_A
708,Ivy_I
709,Ivy_I
710,Ivy_I
711,Danielle_D
712,Ivy_I
713,Ivy_I
714,Danielle_D
715,Ivy_I
716,Ann_A
717,Ivy_I
718,Ivy_I
719,Brunna_B
720,Garth_G
721,Garth_G
722,Garth_G
723,Garth_G
724,Garth_G
725,Garth_G
726,Garth_G
727,Garth_G
728,Garth_G
729,Garth_G
730,Garth_G
731,Garth_G
732,Garth_G
733,Garth_G
734,Garth_G
735,Garth_G
736,Garth_G
737,Garth_G
738,Garth_G
739,Garth_G
740,Garth_G
741,Garth_G
742,Garth_G
743,Garth_G
744,Garth_G
745,Garth_G
746,Garth_G
747,Garth_G
748,Garth_G
749,Garth_G
750,Garth_G
751,Garth_G
752,Garth_G
753,Garth_G
754,Garth_G
755,Garth_G
756,Garth_G
757,Garth_G
758,Garth_G
759,Garth_G
760,Garth_G
761,Garth_G
762,Garth_G
763,Garth_G
764,Garth_G
765,Garth_G
766,Garth_G
767,Garth_G
768,Garth_G
769,Garth_G
770,Garth_G
771,Garth_G
772,Garth_G
773,Garth_G
774,Garth_G
775,Garth_G
776,Garth_G
777,Garth_G
778,Garth_G
779,Garth_G
780,Garth_G
781,Garth_G
782,Garth_G
783,Garth_G
784,Garth_G
785,Garth_G
786,Garth_G
787,Garth_G
788,Garth_G
789,Garth_G
790,Garth_G
791,Garth_G
792,Garth_G
793,Garth_G
794,Garth_G
795,Garth_G
796,Garth_G
797,Garth_G
798,Garth_G
799,Garth_G
800,Garth_G
801,Garth_G
802,Garth_G
803,Garth_G
804,Garth_G
805,Garth_G
806,Garth_G
807,Garth_G
808,Garth_G
809,Garth_G
810,Garth_G
811,Garth_G
812,Garth_G
813,Garth_G
814,Garth_G
815,Garth_G
816,Garth_G
817,Garth_G
818,Garth_G
819,Garth_G
820,Garth_G
821,Garth_G
822,Garth_G
823,Garth_G
824,Garth_G
825,Garth_G
826,Garth_G
827,Garth_G
828,Garth_G
829,Garth_G
830,Garth_G
831,Garth_G
832,Garth_G
833,Garth_G
834,Garth_G
835,Garth_G
836,Garth_G
837,Garth_G
838,Garth_G
839,Garth_G
840,Garth_G
841,Garth_G
842,Garth_G
843,Garth_G
844,Garth_G
845,Garth_G
846,Garth_G
847,Garth_G
848,Garth_G
849,Garth_G
850,Garth_G
851,Garth_G
852,Garth_G
853,Garth_G
854,Garth_G
855,Garth_G
856,Garth_G
857,Garth_G
858,Garth_G
859,Garth_G
860,Garth_G
861,Garth_G
862,Garth_G
863,Garth_G
864,Garth_G
865,Garth_G
866,Garth_G
867,Garth_G
868,Garth_G
869,Garth_G
870,Garth_G
871,Garth_G
872,Garth_G
873,Garth_G
874,Garth_G
875,Garth_G
876,Garth_G
877,Garth_G
878,Garth_G
879,Garth_G
880,Garth_G
881,Garth_G
882,Garth_G
883,Garth_G
884,Garth_G
885,Garth_G
886,Garth_G
887,Garth_G
888,Garth_G
889,Garth_G
890,Garth_G
891,Garth_G
892,Garth_G
893,Garth_G
894,Garth_G
895,Garth_G
896,Garth_G
897,Garth_G
898,Garth_G
899,Garth_G
900,Harry_H
901,Harry_H
902,Harry_H
903,Harry_H
904,Harry_H
905,Harry_H
906,Harry_H
907,Harry_H
908,Harry_H
909,Harry_H
910,Harry_H
911,Harry_H
912,Harry_H
913,Harry_H
914,Harry_H
915,Harry_H
916,Harry_H
917,Harry_H
918,Harry_H
919,Harry_H
920,Harry_H
921,Harry_H
922,Harry_H
923,Harry_H
924,Harry_H
925,Harry_H
926,Harry_H
927,Harry_H
928,Harry_H
929,Harry_H
930,Harry_H
931,Harry_H
932,Harry_H
933,Harry_H
934,Harry_H
935,Harry_H
936,Harry_H
937,Harry_H
938,Harry_H
939,Harry_H
940,Harry_H
941,Harry_H
942,Harry_H
943,Harry_H
944,Harry_H
945,Harry_H
946,Harry_H
947,Harry_H
948,Harry_H
949,Harry_H
950,Harry_H
951,Harry_H
952,Harry_H
953,Harry_H
954,Harry_H
955,Harry_H
956,Harry_H
957,Harry_H
958,Harry_H
959,Harry_H
960,Harry_H
961,Harry_H
962,Harry_H
963,Harry_H
964,Harry_H
965,Harry_H
966,Harry_H
967,Harry_H
968,Harry_H
969,Harry_H
970,Harry_H
971,Harry_H
972,Harry_H
973,Harry_H
974,Harry_H
975,Harry_H
976,Harry_H
977,Harry_H
978,Harry_H
979,Harry_H
980,Harry_H
981,Harry_H
982,Harry_H
983,Harry_H
984,Harry_H
985,Harry_H
986,Harry_H
987,Harry_H
988,Harry_H
989,Harry_H
990,Harry_H
991,Harry_H
992,Harry_H
993,Harry_H
994,Harry_H
995,Harry_H
996,Harry_H
997,Harry_H
998,Harry_H
999,Harry_H
1000,Harry_H
1001,Harry_H
1002,Harry_H
1003,Harry_H
1004,Harry_H
1005,Harry_H
1006,Harry_H
1007,Harry_H
1008,Harry_H
1009,Harry_H
1010,Harry_H
1011,Harry_H
1012,Harry_H
1013,Harry_H
1014,Harry_H
1015,Harry_H
1016,Harry_H
1017,Harry_H
1018,Harry_H
1019,Harry_H
1020,Harry_H
1021,Harry_H
1022,Harry_H
1023,Harry_H
1024,Harry_H
1025,Harry_H
1026,Harry_H
1027,Harry_H
1028,Harry_H
1029,Harry_H
1030,Harry_H
1031,Harry_H
1032,Harry_H
1033,Harry_H
1034,Harry_H
1035,Harry_H
1036,Harry_H
1037,Harry_H
1038,Harry_H
1039,Harry_H
1040,Harry_H
1041,Harry_H
1042,Harry_H
1043,Harry_H
1044,Harry_H
1045,Harry_H
1046,Harry_H
1047,Harry_H
1048,Harry_H
1049,Harry_H
1050,Harry_H
1051,Harry_H
1052,Harry_H
1053,Harry_H
1054,Harry_H
1055,Harry_H
1056,Harry_H
1057,Harry_H
1058,Harry_H
1059,Harry_H
1060,Harry_H
1061,Harry_H
1062,Harry_H
1063,Harry_H
1064,Harry_H
1065,Harry_H
1066,Harry_H
1067,Harry_H
1068,Harry_H
1069,Harry_H
1070,Harry_H
1071,Harry_H
1072,Harry_H
1073,Harry_H
1074,Harry_H
1075,Harry_H
1076,Harry_H
1077,Harry_H
1078,Harry_H
1079,Harry_H
1080,Ivy_I
1081,Ivy_I
1082,Ivy_I
1083,Ivy_I
1084,Ivy_I
1085,Ivy_I
1086,Ivy_I
1087,Ivy_I
1088,Ivy_I
1089,Ivy_I
1090,Ivy_I
1091,Ivy_I
1092,Ivy_I
1093,Ivy_I
1094,Ivy_I
1095,Ivy_I
1096,Ivy_I
1097,Ivy_I
1098,Ivy_I
1099,Ivy_I
1100,Ivy_I
1101,Ivy_I
1102,Ivy_I
1103,Ivy_I
1104,Ivy_I
1105,Ivy_I
1106,Ivy_I
1107,Ivy_I
1108,Ivy_I
1109,Ivy_I
1110,Ivy_I
1111,Ivy_I
1112,Ivy_I
1113,Ivy_I
1114,Ivy_I
1115,Ivy_I
1116,Ivy_I
1117,Ivy_I
1118,Ivy_I
1119,Ivy_I
1120,Ivy_I
1121,Ivy_I
1122,Ivy_I
1123,Ivy_I
1124,Ivy_I
1125,Ivy_I
1126,Ivy_I
1127,Ivy_I
1128,Ivy_I
1129,Ivy_I
1130,Ivy_I
1131,Ivy_I
1132,Ivy_I
1133,Ivy_I
1134,Ivy_I
1135,Ivy_I
1136,Ivy_I
1137,Ivy_I
1138,Ivy_I
1139,Ivy_I
1140,Ivy_I
1141,Ivy_I
1142,Ivy_I
1143,Ivy_I
1144,Ivy_I
1145,Ivy_I
1146,Ivy_I
1147,Ivy_I
1148,Ivy_I
1149,Ivy_I
1150,Ivy_I
1151,Ivy_I
1152,Ivy_I
1153,Ivy_I
1154,Ivy_I
1155,Ivy_I
1156,Ivy_I
1157,Ivy_I
1158,Ivy_I
1159,Ivy_I
1160,Ivy_I
1161,Ivy_I
1162,Ivy_I
1163,Ivy_I
1164,Ivy_I
1165,Ivy_I
1166,Ivy_I
1167,Ivy_I
1168,Ivy_I
1169,Ivy_I
1170,Ivy_I
1171,Ivy_I
1172,Ivy_I
1173,Ivy_I
1174,Ivy_I
1175,Ivy_I
1176,Ivy_I
1177,Ivy_I
1178,Ivy_I
1179,Ivy_I
1180,Ivy_I
1181,Ivy_I
1182,Ivy_I
1183,Ivy_I
1184,Ivy_I
1185,Ivy_I
1186,Ivy_I
1187,Ivy_I
1188,Ivy_I
1189,Ivy_I
1190,Ivy_I
1191,Ivy_I
1192,Ivy_I
1193,Ivy_I
1194,Ivy_I
1195,Ivy_I
1196,Ivy_I
1197,Ivy_I
1198,Ivy_I
1199,Ivy_I
1200,Ivy_I
1201,Ivy_I
1202,Ivy_I
1203,Ivy_I
1204,Ivy_I
1205,Ivy_I
1206,Ivy_I
1207,Ivy_I
1208,Ivy_I
1209,Ivy_I
1210,Ivy_I
1211,Ivy_I
1212,Ivy_I
1213,Ivy_I
1214,Ivy_I
1215,Ivy_I
1216,Ivy_I
1217,Ivy_I
1218,Ivy_I
1219,Ivy_I
1220,Ivy_I
1221,Ivy_I
1222,Ivy_I
1223,Ivy_I
1224, 
1225, 
1226, 
1227, 
1228, 
1229, 
1230, 
1231, 
1232, 
1233, 
1234, 
1235, 
1236, 
1237, 
1238, 
1239, 
1240, 
1241, 
1242, 
1243, 
1244, 
1245, 
1246, 
1247, 
1248, 
1249, 
1250, 
1251, 
1252, 
1253, 
1254, 
1255, 
1256, 
1257, 
1258, 
1259, 
1260,John_J
1261,John_J
1262,John_J
1263,John_J
1264,John_J
1265,John_J
1266,John_J
1267,John_J
1268,John_J
1269,John_J
1270,John_J
1271,John_J
1272,John_J
1273,John_J
1274,John_J
1275,John_J
1276,John_J
1277,John_J
1278,John_J
1279,John_J
1280,John_J
1281,John_J
1282,John_J
1283,John_J
1284,John_J
1285,John_J
1286,John_J
1287,John_J
1288,John_J
1289,John_J
1290,John_J
1291,John_J
1292,John_J
1293,John_J
1294,John_J
1295,John_J
1296,John_J
1297,John_J
1298,John_J
1299,John_J
1300,John_J
1301,John_J
1302,John_J
1303,John_J
1304,John_J
1305,John_J
1306,John_J
1307,John_J
1308,John_J
1309,John_J
1310,John_J
1311,John_J
1312,John_J
1313,John_J
1314,John_J
1315,John_J
1316,John_J
1317,John_J
1318,John_J
1319,John_J
1320,John_J
1321,John_J
1322,John_J
1323,John_J
1324,John_J
1325,John_J
1326,John_J
1327,John_J
1328,John_J
1329,John_J
1330,John_J
1331,John_J
1332,John_J
1333,John_J
1334,John_J
1335,John_J
1336,John_J
1337,John_J
1338,John_J
1339,John_J
1340,John_J
1341,John_J
1342,John_J
1343,John_J
1344,John_J
1345,John_J
1346,John_J
1347,John_J
1348,John_J
1349,John_J
1350,John_J
1351,John_J
1352,John_J
1353,John_J
1354,John_J
1355,John_J
1356,John_J
1357,John_J
1358,John_J
1359,John_J
1360,John_J
1361,John_J
1362,John_J
1363,John_J
1364,John_J
1365,John_J
1366,John_J
1367,John_J
1368,John_J
1369,John_J
1370,John_J
1371,John_J
1372,John_J
1373,John_J
1374,John_J
1375,John_J
1376,John_J
1377,John_J
1378,John_J
1379,John_J
1380,John_J
1381,John_J
1382,John_J
1383,John_J
1384,John_J
1385,John_J
1386,John_J
1387,John_J
1388,John_J
1389,John_J
1390,John_J
1391,John_J
1392,John_J
1393,John_J
1394,John_J
1395,John_J
1396,John_J
1397,John_J
1398,John_J
1399,John_J
1400,John_J
1401,John_J
1402,John_J
1403,John_J
1404,John_J
1405,John_J
1406,John_J
1407,John_J
1408,John_J
1409,John_J
1410,John_J
1411,John_J
1412,John_J
1413,John_J
1414,John_J
1415,John_J
1416,John_J
1417,John_J
1418,John_J
1419,John_J
1420,John_J
1421,John_J
1422,John_J
1423,John_J
1424,John_J
1425,John_J
1426,John_J
1427,John_J
1428,John_J
1429,John_J
1430,John_J
1431,John_J
1432,John_J
1433,John_J
1434,John_J
1435,John_J
1436,John_J
1437,John_J
1438,John_J
1439,John_J
1440,Harry_H
1441,Harry_H
1442,Ivy_I
1443,Ivy_I
1444,Harry_H
1445,Harry_H
1446,Harry_H
1447,Harry_H
1448,Harry_H
1449,Harry_H
1450,Harry_H
1451,Harry_H
1452,Harry_H
1453,Harry_H
1454,Unknown
1455,Unknown
1456,Unknown
1457,Unknown
1458,Unknown
1459,Unknown
1460,Harry_H
1461,Harry_H
1462,Harry_H
1463,Harry_H
1464,Unknown
1465,Harry_H
1466,Harry_H
1467,Unknown
1468,Unknown
1469,Harry_H
1470,Harry_H
1471,Unknown
1472,Unknown
1473,Unknown
1474,Danielle_D
1475,Unknown
1476,Unknown
1477,Unknown
1478,Harry_H
1479,Harry_H
1480,Harry_H
1481,Unknown
1482,Harry_H
1483,Ivy_I
1484,Ivy_I
1485,Ivy_I
1486,Ivy_I
1487,Ivy_I
1488,Harry_H
1489,Harry_H
1490,Harry_H
1491,Harry_H
1492,Harry_H
1493,Harry_H
1494,Unknown
1495,Unknown
1496,Unknown
1497,Unknown
1498,Unknown
1499,Unknown
1500,Unknown
1501,Unknown
1502,Unknown
1503,Harry_H
1504,Ivy_I
1505,Unknown
1506,Unknown
1507,Unknown
1508,Ivy_I
1509,Unknown
1510,Unknown
1511,Unknown
1512,Unknown
1513,Thor_T
1514,Thor_T
1515,Unknown
1516,Unknown
1517,Unknown
1518,Unknown
1519,Thor_T
1520,Brunna_B
1521,Unknown
1522,Harry_H
1523,Harry_H
1524,Harry_H
1525,Thor_T
1526,Thor_T
1527,Thor_T
1528,Danielle_D
1529,Thor_T
1530,Brunna_B
1531,Thor_T
1532,Unknown
1533,Ivy_I
1534,Ivy_I
1535,Harry_H
1536,Danielle_D
1537,Ivy_I
1538,Ivy_I
1539,Ivy_I
1540,Ivy_I
1541,Harry_H
1542,Harry_H
1543,Harry_H
1544,Harry_H
1545,Harry_H
1546,Harry_H
1547,Harry_H
1548,Harry_H
1549,Harry_H
1550,Harry_H
1551,Harry_H
1552,Harry_H
1553,Harry_H
1554,Harry_H
1555,Harry_H
1556,Ivy_I
1557,Harry_H
1558,Harry_H
1559,Harry_H
1560,Harry_H
1561,Harry_H
1562,Unknown
1563,Unknown
1564,Unknown
1565,Harry_H
1566,Harry_H
1567,Brunna_B
1568,Ivy_I
1569,Harry_H
1570,Harry_H
1571,Thor_T
1572,Thor_T
1573,Ivy_I
1574,Ivy_I
1575,Ivy_I
1576,Ivy_I
1577,Unknown
1578,Unknown
1579,Thor_T
1580,Unknown
1581,Harry_H
1582,Harry_H
1583,Harry_H
1584,Harry_H
1585,Harry_H
1586,Unknown
1587,Unknown
1588,Unknown
1589,Harry_H
1590,Unknown
1591,Unknown
1592,Unknown
1593,Ivy_I
1594,Thor_T
1595,Thor_T
1596,Kay_K
1597,Thor_T
1598,Unknown
1599,Unknown
1600,Danielle_D
1601,Harry_H
1602,Harry_H
1603,Unknown
1604,Unknown
1605,Unknown
1606,Unknown
1607,Harry_H
1608,Unknown
1609,Harry_H
1610,Harry_H
1611,Harry_H
1612,Harry_H
1613,Harry_H
1614,Harry_H
1615,Harry_H
1616,Unknown
1617,Unknown
1618,Harry_H
1619,Unknown
1620,John_J
1621,John_J
1622,John_J
1623,John_J
1624,John_J
1625,John_J
1626,John_J
1627,John_J
1628,John_J
1629,John_J
1630,John_J
1631,John_J
1632,John_J
1633,John_J
1634,John_J
1635,John_J
1636,John_J
1637,John_J
1638,John_J
1639,John_J
1640,John_J
1641,John_J
1642,John_J
1643,John_J
1644,John_J
1645,John_J
1646,John_J
1647,John_J
1648,John_J
1649,John_J
1650,John_J
1651,John_J
1652,John_J
1653,John_J
1654,John_J
1655,John_J
1656,John_J
1657,John_J
1658,John_J
1659,John_J
1660,John_J
1661,John_J
1662,John_J
1663,John_J
1664,John_J
1665,John_J
1666,John_J
1667,John_J
1668,John_J
1669,John_J
1670,John_J
1671,John_J
1672,John_J
1673,John_J
1674,John_J
1675,John_J
1676,John_J
1677,John_J
1678,John_J
1679,John_J
1680,John_J
1681,John_J
1682,John_J
1683,John_J
1684,John_J
1685,John_J
1686,John_J
1687,John_J
1688,John_J
1689,John_J
1690,John_J
1691,John_J
1692,John_J
1693,John_J
1694,John_J
1695,John_J
1696,John_J
1697,John_J
1698,John_J
1699,John_J
1700,John_J
1701,John_J
1702,John_J
1703,John_J
1704,John_J
1705,John_J
1706,John_J
1707,John_J
1708,John_J
1709,John_J
1710, 
1711, 
1712, 
1713, 
1714, 
1715, 
1716, 
1717, 
1718, 
1719, 
1720, 
1721, 
1722, 
1723, 
1724, 
1725, 
1726, 
1727, 
1728, 
1729, 
1730, 
1731, 
1732, 
1733, 
1734, 
1735, 
1736, 
1737, 
1738, 
1739, 
1740, 
1741, 
1742, 
1743, 
1744, 
1745, 
1746, 
1747, 
1748, 
1749, 
1750, 
1751, 
1752, 
1753, 
1754, 
1755, 
1756, 
1757, 
1758, 
1759, 
1760, 
1761, 
1762, 
1763, 
1764, 
1765, 
1766, 
1767, 
1768, 
1769, 
1770, 
1771, 
1772, 
1773, 
1774, 
1775, 
1776, 
1777, 
1778, 
1779, 
1780, 
1781, 
1782, 
1783, 
1784, 
1785, 
1786, 
1787, 
1788, 
1789, 
1790, 
1791, 
1792, 
1793, 
1794, 
1795, 
1796, 
1797, 
1798, 
1799, 
1800, 
1801, 
1802, 
1803, 
1804, 
1805, 
1806, 
1807, 
1808, 
1809, 
1810, 
1811, 
1812, 
1813, 
1814, 
1815, 
1816, 
1817, 
1818, 
1819, 
1820, 
1821, 
1822, 
1823, 
1824, 
1825, 
1826, 
1827, 
1828, 
1829, 
1830, 
1831, 
1832, 
1833, 
1834, 
1835, 
1836, 
1837, 
1838, 
1839, 
1840, 
1841, 
1842, 
1843, 
1844, 
1845, 
1846, 
1847, 
1848, 
1849, 
1850, 
1851, 
1852, 
1853, 
1854, 
1855, 
1856, 
1857, 
1858, 
1859, 
1860, 
1861, 
1862, 
1863, 
1864, 
1865, 
1866, 
1867, 
1868, 
1869, 
1870, 
1871, 
1872, 
1873, 
1874, 
1875, 
1876, 
1877, 
1878, 
1879, 
1880, 
1881, 
1882, 
1883, 
1884, 
1885, 
1886, 
1887, 
1888, 
1889, 
1890, 
1891, 
1892, 
1893, 
1894, 
1895, 
1896, 
1897, 
1898, 
1899, 
1900, 
1901, 
1902, 
1903, 
1904, 
1905, 
1906, 
1907, 
1908, 
1909, 
1910, 
1911, 
1912, 
1913, 
1914, 
1915, 
1916, 
1917, 
1918, 
1919, 
1920, 
1921, 
1922, 
1923, 
1924, 
1925, 
1926, 
1927, 
1928, 
1929, 
1930, 
1931, 
1932, 
1933, 
1934, 
1935, 
1936, 
1937, 
1938, 
1939, 
1940, 
1941, 
1942, 
1943, 
1944, 
1945, 
1946, 
1947, 
1948, 
1949, 
1950, 
1951, 
1952, 
1953, 
1954, 
1955, 
1956, 
1957, 
1958, 
1959, 
1960, 
1961, 
1962, 
1963, 
1964, 
1965, 
1966, 
1967, 
1968, 
1969, 
1970, 
1971, 
1972, 
1973, 
1974, 
1975, 
1976, 
1977, 
1978, 
1979, 
1980, 
1981, 
1982, 
1983, 
1984, 
1985, 
1986, 
1987, 
1988, 
1989, 
1990, 
1991, 
1992, 
1993, 
1994, 
1995, 
1996, 
1997, 
1998, 
1999, 
2000, 
2001, 
2002, 
2003, 
2004, 
2005, 
2006, 
2007, 
2008, 
2009, 
2010, 
2011, 
2012, 
2013, 
2014, 
2015, 
2016, 
2017, 
2018, 
2019, 
2020, 
2021, 
2022, 
2023, 
2024, 
2025, 
2026, 
2027, 
2028, 
2029, 
2030, 
2031, 
2032, 
2033, 
2034, 
2035, 
2036, 
2037, 
2038, 
2039, 
2040, 
2041, 
2042, 
2043, 
2044, 
2045, 
2046, 
2047, 
2048, 
2049, 
2050, 
2051, 
2052, 
2053, 
2054, 
2055, 
2056, 
2057, 
2058, 
2059, 
2060, 
2061, 
2062, 
2063, 
2064, 
2065, 
2066, 
2067, 
2068, 
2069, 
2070, 
2071, 
2072, 
2073, 
2074, 
2075, 
2076, 
2077, 
2078, 
2079, 
2080, 
2081, 
2082, 
2083, 
2084, 
2085, 
2086, 
2087, 
2088, 
2089, 
2090, 
2091, 
2092, 
2093, 
2094, 
2095, 
2096, 
2097, 
2098, 
2099, 
2100, 
2101, 
2102, 
2103, 
2104, 
2105, 
2106, 
2107, 
2108, 
2109, 
2110, 
2111, 
2112, 
2113, 
2114, 
2115, 
2116, 
2117, 
2118, 
2119, 
2120, 
2121, 
2122, 
2123, 
2124, 
2125, 
2126, 
2127, 
2128, 
2129, 
2130, 
2131, 
2132, 
2133, 
2134, 
2135, 
2136, 
2137, 
2138, 
2139, 
2140, 
2141, 
2142, 
2143, 
2144, 
2145, 
2146, 
2147, 
2148, 
2149, 
2150, 
2151, 
2152, 
2153, 
2154, 
2155, 
2156, 
2157, 
2158, 
2159, 
2160, 
2161, 
2162, 
2163, 
2164, 
2165, 
2166, 
2167, 
2168, 
2169, 
2170, 
2171, 
2172, 
2173, 
2174, 
2175, 
2176, 
2177, 
2178, 
2179, 
2180, 
2181, 
2182, 
2183, 
2184, 
2185, 
2186, 
2187, 
2188, 
2189, 
2190, 
2191, 
2192, 
2193, 
2194, 
2195, 
2196, 
2197, 
2198, 
2199, 
2200, 
2201, 
2202, 
2203, 
2204, 
2205, 
2206, 
2207, 
2208, 
2209, 
2210, 
2211, 
2212, 
2213, 
2214, 
2215, 
2216, 
2217, 
2218, 
2219, 
2220, 
2221, 
2222, 
2223, 
2224, 
2225, 
2226, 
2227, 
2228, 
2229, 
2230, 
2231, 
2232, 
2233, 
2234, 
2235, 
2236, 
2237, 
2238, 
2239, 
2240, 
2241, 
2242, 
2243, 
2244, 
2245, 
2246, 
2247, 
2248, 
2249, 
2250, 
2251, 
2252, 
2253, 
2254, 
2255, 
2256, 
2257, 
2258, 
2259, 
2260, 
2261, 
2262, 
2263, 
2264, 
2265, 
2266, 
2267, 
2268, 
2269, 
2270, 
2271, 
2272, 
2273, 
2274, 
2275, 
2276, 
2277, 
2278, 
2279, 
2280, 
2281, 
2282, 
2283, 
2284, 
2285, 
2286, 
2287, 
2288, 
2289, 
2290, 
2291, 
2292, 
2293, 
2294, 
2295, 
2296, 
2297, 
2298, 
2299, 
2300, 
2301, 
2302, 
2303, 
2304, 
2305, 
2306, 
2307, 
2308, 
2309, 
2310, 
2311, 
2312, 
2313, 
2314, 
2315, 
2316, 
2317, 
2318, 
2319, 
2320, 
2321, 
2322, 
2323, 
2324, 
2325, 
2326, 
2327, 
2328, 
2329, 
2330, 
2331, 
2332, 
2333, 
2334, 
2335, 
2336, 
2337, 
2338, 
2339, 
2340, 
2341, 
2342, 
2343, 
2344, 
2345, 
2346, 
2347, 
2348, 
2349, 
2350, 
2351, 
2352, 
2353, 
2354, 
2355, 
2356, 
2357, 
2358, 
2359, 
2360, 
2361, 
2362, 
2363, 
2364, 
2365, 
2366, 
2367, 
2368, 
2369, 
2370,Lana_L
2371,Lana_L
2372,Lana_L
2373,Lana_L
2374,Lana_L
2375,Lana_L
2376,Lana_L
2377,Lana_L
2378,Lana_L
2379,Lana_L
2380,Lana_L
2381,Lana_L
2382,Lana_L
2383,Lana_L
2384,Lana_L
2385,Lana_L
2386,Lana_L
2387,Lana_L
2388,Lana_L
2389,Lana_L
2390,Lana_L
2391,Lana_L
2392,Lana_L
2393,Lana_L
2394,Lana_L
2395,Lana_L
2396,Lana_L
2397,Lana_L
2398,Lana_L
2399,Lana_L
2400, 
2401, 
2402, 
2403, 
2404, 
2405, 
2406, 
2407, 
2408, 
2409, 
2410, 
2411, 
2412, 
2413, 
2414, 
2415, 
2416, 
2417, 
2418, 
2419, 
2420, 
2421, 
2422, 
2423, 
2424, 
2425, 
2426, 
2427, 
2428, 
2429, 
2430, 
2431, 
2432, 
2433, 
2434, 
2435, 
2436, 
2437, 
2438, 
2439, 
2440, 
2441, 
2442, 
2443, 
2444, 
2445, 
2446, 
2447, 
2448, 
2449, 
2450, 
2451, 
2452, 
2453, 
2454, 
2455, 
2456, 
2457, 
2458, 
2459, 
2460, 
2461, 
2462, 
2463, 
2464, 
2465, 
2466, 
2467, 
2468, 
2469, 
2470, 
2471, 
2472, 
2473, 
2474, 
2475, 
2476, 
2477, 
2478, 
2479, 
2480, 
2481, 
2482, 
2483, 
2484, 
2485, 
2486, 
2487, 
2488, 
2489, 
2490, 
2491, 
2492, 
2493, 
2494, 
2495, 
2496, 
2497, 
2498, 
2499, 
2500, 
2501, 
2502, 
2503, 
2504, 
2505, 
2506, 
2507, 
2508, 
2509, 
2510, 
2511, 
2512, 
2513, 
2514, 
2515, 
2516, 
2517, 
2518, 
2519, 
2520, 
2521, 
2522, 
2523, 
2524, 
2525, 
2526, 
2527, 
2528, 
2529, 
2530, 
2531, 
2532, 
2533, 
2534, 
2535, 
2536, 
2537, 
2538, 
2539, 
2540, 
2541, 
2542, 
2543, 
2544, 
2545, 
2546, 
2547, 
2548, 
2549, 
2550, 
2551, 
2552, 
2553, 
2554, 
2555, 
2556, 
2557, 
2558, 
2559, 
2560, 
2561, 
2562, 
2563, 
2564, 
2565, 
2566, 
2567, 
2568, 
2569, 
2570, 
2571, 
2572, 
2573, 
2574, 
2575, 
2576, 
2577, 
2578, 
2579, 
2580, 
2581, 
2582, 
2583, 
2584, 
2585, 
2586, 
2587, 
2588, 
2589, 
2590, 
2591, 
2592, 
2593, 
2594, 
2595, 
2596, 
2597, 
2598, 
2599, 
2600, 
2601, 
2602, 
2603, 
2604, 
2605, 
2606, 
2607, 
2608, 
2609, 
2610, 
2611, 
2612, 
2613, 
2614, 
2615, 
2616, 
2617, 
2618, 
2619, 
2620, 
2621, 
2622, 
2623, 
2624, 
2625, 
2626, 
2627, 
2628, 
2629, 
2630, 
2631, 
2632, 
2633, 
2634, 
2635, 
2636, 
2637, 
2638, 
2639, 
2640, 
2641, 
2642, 
2643, 
2644, 
2645, 
2646, 
2647, 
2648, 
2649, 
2650, 
2651, 
2652, 
2653, 
2654, 
2655, 
2656, 
2657, 
2658, 
2659, 
2660, 
2661, 
2662, 
2663, 
2664, 
2665, 
2666, 
2667, 
2668, 
2669, 
2670, 
2671, 
2672, 
2673, 
2674, 
2675, 
2676, 
2677, 
2678, 
2679, 
2680, 
2681, 
2682, 
2683, 
2684, 
2685, 
2686, 
2687, 
2688, 
2689, 
2690, 
2691, 
2692, 
2693, 
2694, 
2695, 
2696, 
2697, 
2698, 
2699, 
2700, 
2701, 
2702, 
2703, 
2704, 
2705, 
2706, 
2707, 
2708, 
2709, 
2710, 
2711, 
2712, 
2713, 
2714, 
2715, 
2716, 
2717, 
2718, 
2719, 
2720, 
2721, 
2722, 
2723, 
2724, 
2725, 
2726, 
2727, 
2728, 
2729, 
2730, 
2731, 
2732, 
2733, 
2734, 
2735, 
2736, 
2737, 
2738, 
2739, 
2740, 
2741, 
2742, 
2743, 
2744, 
2745, 
2746, 
2747, 
2748, 
2749, 
2750, 
2751, 
2752, 
2753, 
2754, 
2755, 
2756, 
2757, 
2758, 
2759, 
2760, 
2761, 
2762, 
2763, 
2764, 
2765, 
2766, 
2767, 
2768, 
2769, 
2770, 
2771, 
2772, 
2773, 
2774, 
2775, 
2776, 
2777, 
2778, 
2779, 
2780, 
2781, 
2782, 
2783, 
2784, 
2785, 
2786, 
2787, 
2788, 
2789, 
2790, 
2791, 
2792, 
2793, 
2794, 
2795, 
2796, 
2797, 
2798, 
2799, 
2800, 
2801, 
2802, 
2803, 
2804, 
2805, 
2806, 
2807, 
2808, 
2809, 
2810, 
2811, 
2812, 
2813, 
2814, 
2815, 
2816, 
2817, 
2818, 
2819, 
2820, 
2821, 
2822, 
2823, 
2824, 
2825, 
2826, 
2827, 
2828, 
2829, 
2830, 
2831, 
2832, 
2833, 
2834, 
2835, 
2836, 
2837, 
2838, 
2839, 
2840, 
2841, 
2842, 
2843, 
2844, 
2845, 
2846, 
2847, 
2848, 
2849, 
2850, 
2851, 
2852, 
2853, 
2854, 
2855, 
2856, 
2857, 
2858, 
2859, 
2860, 
2861, 
2862, 
2863, 
2864, 
2865, 
2866, 
2867, 
2868, 
2869, 
2870, 
2871, 
2872, 
2873, 
2874, 
2875, 
2876, 
2877, 
2878, 
2879, 
2880, 
2881, 
2882, 
2883, 
2884, 
2885, 
2886, 
2887, 
2888, 
2889, 
2890, 
2891, 
2892, 
2893, 
2894, 
2895, 
2896, 
2897, 
2898, 
2899, 
2900, 
2901, 
2902, 
2903, 
2904, 
2905, 
2906, 
2907, 
2908, 
2909, 
2910, 
2911, 
2912, 
2913, 
2914, 
2915, 
2916, 
2917, 
2918, 
2919, 
2920, 
2921, 
2922, 
2923, 
2924, 
2925, 
2926, 
2927, 
2928, 
2929, 
2930, 
2931, 
2932, 
2933, 
2934, 
2935, 
2936, 
2937, 
2938, 
2939, 
2940, 
2941, 
2942, 
2943, 
2944, 
2945, 
2946, 
2947, 
2948, 
2949, 
2950, 
2951, 
2952, 
2953, 
2954, 
2955, 
2956, 
2957, 
2958, 
2959, 
2960, 
2961, 
2962, 
2963, 
2964, 
2965, 
2966, 
2967, 
2968, 
2969, 
2970, 
2971, 
2972, 
2973, 
2974, 
2975, 
2976, 
2977, 
2978, 
2979, 
2980, 
2981, 
2982, 
2983, 
2984, 
2985, 
2986, 
2987, 
2988, 
2989, 
2990, 
2991, 
2992, 
2993, 
2994, 
2995, 
2996, 
2997, 
2998, 
2999, 
3000, 
3001, 
3002, 
3003, 
3004, 
3005, 
3006, 
3007, 
3008, 
3009, 
3010, 
3011, 
3012, 
3013, 
3014, 
3015, 
3016, 
3017, 
3018, 
3019, 
3020, 
3021, 
3022, 
3023, 
3024, 
3025, 
3026, 
3027, 
3028, 
3029, 
3030, 
3031, 
3032, 
3033, 
3034, 
3035, 
3036, 
3037, 
3038, 
3039, 
3040, 
3041, 
3042, 
3043, 
3044, 
3045, 
3046, 
3047, 
3048, 
3049, 
3050, 
3051, 
3052, 
3053, 
3054, 
3055, 
3056, 
3057, 
3058, 
3059, 
3060, 
3061, 
3062, 
3063, 
3064, 
3065, 
3066, 
3067, 
3068, 
3069, 
3070, 
3071, 
3072, 
3073, 
3074, 
3075, 
3076, 
3077, 
3078, 
3079, 
3080, 
3081, 
3082, 
3083, 
3084, 
3085, 
3086, 
3087, 
3088, 
3089, 
3090, 
3091, 
3092, 
3093, 
3094, 
3095, 
3096, 
3097, 
3098, 
3099, 
3100, 
3101, 
3102, 
3103, 
3104, 
3105, 
3106, 
3107, 
3108, 
3109, 
3110, 
3111, 
3112, 
3113, 
3114, 
3115, 
3116, 
3117, 
3118, 
3119, 
3120, 
3121, 
3122, 
3123, 
3124, 
3125, 
3126, 
3127, 
3128, 
3129, 
3130, 
3131, 
3132, 
3133, 
3134, 
3135, 
3136, 
3137, 
3138, 
3139, 
3140, 
3141, 
3142, 
3143, 
3144, 
3145, 
3146, 
3147, 
3148, 
3149, 
3150, 
3151, 
3152, 
3153, 
3154, 
3155, 
3156, 
3157, 
3158, 
3159, 
3160, 
3161, 
3162, 
3163, 
3164, 
3165, 
3166, 
3167, 
3168, 
3169, 
3170, 
3171, 
3172, 
3173, 
3174, 
3175, 
3176, 
3177, 
3178, 
3179, 
3180, 
3181, 
3182, 
3183, 
3184, 
3185, 
3186, 
3187, 
3188, 
3189, 
3190, 
3191, 
3192, 
3193, 
3194, 
3195, 
3196, 
3197, 
3198, 
3199, 
3200, 
3201, 
3202, 
3203, 
3204, 
3205, 
3206, 
3207, 
3208, 
3209, 
3210, 
3211, 
3212, 
3213, 
3214, 
3215, 
3216, 
3217, 
3218, 
3219, 
3220, 
3221, 
3222, 
3223, 
3224, 
3225, 
3226, 
3227, 
3228, 
3229, 
3230, 
3231, 
3232, 
3233, 
3234, 
3235, 
3236, 
3237, 
3238, 
3239, 
3240, 
3241, 
3242, 
3243, 
3244, 
3245, 
3246, 
3247, 
3248, 
3249, 
3250, 
3251, 
3252, 
3253, 
3254, 
3255, 
3256, 
3257, 
3258, 
3259, 
3260, 
3261, 
3262, 
3263, 
3264, 
3265, 
3266, 
3267, 
3268, 
3269, 
3270, 
3271, 
3272, 
3273, 
3274, 
3275, 
3276, 
3277, 
3278, 
3279, 
3280, 
3281, 
3282, 
3283, 
3284, 
3285, 
3286, 
3287, 
3288, 
3289, 
3290, 
3291, 
3292, 
3293, 
3294, 
3295, 
3296, 
3297, 
3298, 
3299, 
3300,Ivy_I
3301,Ivy_I
3302,Ivy_I
3303,Ivy_I
3304,Ivy_I
3305,Ivy_I
3306,Thor_T
3307,Thor_T
3308,Thor_T
3309,Ivy_I
3310,Thor_T
3311,Thor_T
3312,Danielle_D
3313,Thor_T
3314,Ivy_I
3315,Ivy_I
3316,Thor_T
3317,Ivy_I
3318,Ivy_I
3319,Ivy_I
3320,Ivy_I
3321,Thor_T
3322,Ivy_I
3323,Thor_T
3324,Thor_T
3325,Thor_T
